account,session,url,reel_like_count,reel_comment_count,reel_duration,watch_time_seconds,watch_time_percentage,liked,positive_comment,followed,shared,saved,visited_profile,negative_comment,not_interested,datetime
minesweeper_enthusiast,0,reels/C93DuEzNw-7/,1,1,3.459773,1.7298865,0.5,0,0,0,0,0,0,0,0,2024-08-01 20:35:07
minesweeper_enthusiast,0,reels/C9-xU35oUTO/,1,1,21.478458,10.739229,0.5,0,0,0,0,0,0,0,0,2024-08-01 20:35:17
minesweeper_enthusiast,0,reels/C92F_O5uTx2/,1,1,59.03333333333333,29.516666666666666,0.5,0,0,0,0,0,0,0,0,2024-08-01 20:35:46
minesweeper_enthusiast,0,reels/C98_P4_tT-r/,1,1,18.320544,9.160272,0.5,0,0,0,0,0,0,0,0,2024-08-01 20:35:55
minesweeper_enthusiast,0,reels/C9uo2euMxpY/,1,1,9.704488,4.852244,0.5,0,0,0,0,0,0,0,0,2024-08-01 20:36:00
minesweeper_enthusiast,0,reels/C8zRFkPIHrR/,1,1,6.478367,3.2391835,0.5,0,0,0,0,0,0,0,0,2024-08-01 20:36:02
minesweeper_enthusiast,0,reels/C99_0V4J39f/,1,1,12.433333,6.2166665,0.5,0,0,0,0,0,0,0,0,2024-08-01 20:36:08
minesweeper_enthusiast,0,reels/C94N_UYiPO-/,1,1,18.410666,9.205333,0.5,0,0,0,0,0,0,0,0,2024-08-01 20:36:17
minesweeper_enthusiast,0,reels/C91DLfKotrp/,1,1,9.334421,4.6672105,0.5,0,0,0,0,0,0,0,0,2024-08-01 20:36:21
minesweeper_enthusiast,0,reels/C9naaPugzGA/,1,1,22.699999,11.3499995,0.5,0,0,0,0,0,0,0,0,2024-08-01 20:36:32
minesweeper_enthusiast,0,reels/C7hHB2oKexR/,1,1,10.0078,5.0039,0.5,0,0,0,0,0,0,0,0,2024-08-01 20:36:36
minesweeper_enthusiast,0,reels/C91ANS0xhuE/,1,1,15.000166,7.500083,0.5,0,0,0,0,0,0,0,0,2024-08-01 20:36:43
minesweeper_enthusiast,0,reels/C9x77XLocha/,1,1,9.899999,4.9499995,0.5,0,0,0,0,0,0,0,0,2024-08-01 20:36:48
minesweeper_enthusiast,0,reels/C99anyJhaAF/,1,1,59.56,29.78,0.5,0,0,0,0,0,0,0,0,2024-08-01 20:37:17
minesweeper_enthusiast,0,reels/C9TMGPas9yo/,1,1,51.666666666666664,25.833333333333332,0.5,0,0,0,0,0,0,0,0,2024-08-01 20:37:43
minesweeper_enthusiast,0,reels/C95EaIUuv9T/,1,1,8.166666,4.083333,0.5,0,0,0,0,0,0,0,0,2024-08-01 20:37:46
minesweeper_enthusiast,0,reels/C9ggXR5Rmuu/,1,1,58.86666666666667,29.433333333333334,0.5,0,0,0,0,0,0,0,0,2024-08-01 20:38:15
minesweeper_enthusiast,0,reels/C9_uHSXo_Hh/,1,1,3.272561,1.6362805,0.5,0,0,0,0,0,0,0,0,2024-08-01 20:38:16
minesweeper_enthusiast,0,reels/C9y2zLApXDm/,1,1,3.966666,1.983333,0.5,0,0,0,0,0,0,0,0,2024-08-01 20:38:18
minesweeper_enthusiast,0,reels/C9iDZp1si8x/,1,1,30.433333333333334,15.216666666666667,0.5,0,0,0,0,0,0,0,0,2024-08-01 20:38:33
minesweeper_enthusiast,0,reels/C-G6rmkuRr3/,1,1,39.766666666666666,19.883333333333333,0.5,0,0,0,0,0,0,0,0,2024-08-01 20:38:52
minesweeper_enthusiast,0,reels/C9jJnnzxmBi/,1,1,54.75467133800467,27.377335669002335,0.5,0,0,0,0,0,0,0,0,2024-08-01 20:39:19
minesweeper_enthusiast,0,reels/C8uLjYoxySC/,1,1,83.2,41.6,0.5,0,0,0,0,0,0,0,0,2024-08-01 20:40:00
minesweeper_enthusiast,0,reels/C92kYbtpffw/,1,1,24.35628,12.17814,0.5,0,0,0,0,0,0,0,0,2024-08-01 20:40:12
minesweeper_enthusiast,0,reels/C9npYeMxivA/,1,1,18.866666,9.433333,0.5,0,0,0,0,0,0,0,0,2024-08-01 20:40:21
minesweeper_enthusiast,0,reels/C93e1gUyZVr/,1,1,13.933333,6.9666665,0.5,0,0,0,0,0,0,0,0,2024-08-01 20:40:27
minesweeper_enthusiast,0,reels/C82MP5VpHQM/,1,1,17.181314,8.590657,0.5,0,0,0,0,0,0,0,0,2024-08-01 20:40:36
minesweeper_enthusiast,0,reels/C9U3h7BpRad/,1,1,54.03333333333333,27.016666666666666,0.5,0,0,0,0,0,0,0,0,2024-08-01 20:41:02
minesweeper_enthusiast,0,reels/C9ivPjtOXFH/,1,1,14.599999,7.2999995,0.5,0,0,0,0,0,0,0,0,2024-08-01 20:41:09
minesweeper_enthusiast,0,reels/C9yID59xiYe/,1,1,19.573015,9.7865075,0.5,0,0,0,0,0,0,0,0,2024-08-01 20:41:18
minesweeper_enthusiast,0,reels/C9P1PjwMwhI/,1,1,5.01551,2.507755,0.5,0,0,0,0,0,0,0,0,2024-08-01 20:41:20
minesweeper_enthusiast,0,reels/C7Ai4xkuo17/,1,1,21.166666666666668,10.583333333333334,0.5,0,0,0,0,0,0,0,0,2024-08-01 20:41:30
minesweeper_enthusiast,0,reels/C8frg6-Oa22/,1,1,28.467664,14.233832,0.5,0,0,0,0,0,0,0,0,2024-08-01 20:41:44
minesweeper_enthusiast,0,reels/C9u4Tg7vCXS/,1,1,9.611609,4.8058045,0.5,0,0,0,0,0,0,0,0,2024-08-01 20:41:49
minesweeper_enthusiast,0,reels/C9z75I8oO5L/,1,1,2.033333,1.0166665,0.5,0,0,0,0,0,0,0,0,2024-08-01 20:41:51
minesweeper_enthusiast,0,reels/C9io7O3ttuM/,1,1,16.599999,8.2999995,0.5,0,0,0,0,0,0,0,0,2024-08-01 20:41:59
minesweeper_enthusiast,0,reels/C8eq3reOgDC/,1,1,20.29424,10.14712,0.5,0,0,0,0,0,0,0,0,2024-08-01 20:42:08
minesweeper_enthusiast,0,reels/C9uo8y4A-Xu/,1,1,24.866666666666667,12.433333333333334,0.5,0,0,0,0,0,0,0,0,2024-08-01 20:42:20
minesweeper_enthusiast,0,reels/C87a_7GpdMu/,1,1,8.241631,4.1208155,0.5,0,0,0,0,0,0,0,0,2024-08-01 20:42:24
minesweeper_enthusiast,0,reels/C9pW_jTRrC3/,1,1,12.433333,6.2166665,0.5,0,0,0,0,0,0,0,0,2024-08-01 20:42:30
minesweeper_enthusiast,0,reels/C8xn4EJua8m/,1,1,11.283445,5.6417225,0.5,0,0,0,0,0,0,0,0,2024-08-01 20:42:35
minesweeper_enthusiast,0,reels/C82ShI6MyXH/,1,1,12.166666,6.083333,0.5,0,0,0,0,0,0,0,0,2024-08-01 20:42:40
minesweeper_enthusiast,0,reels/C9m3WkztZGv/,1,1,11.647999,5.8239995,0.5,0,0,0,0,0,0,0,0,2024-08-01 20:42:46
minesweeper_enthusiast,0,reels/C9ejGDAu0k6/,1,1,66,33.0,0.5,0,0,0,0,0,0,0,0,2024-08-01 20:43:18
minesweeper_enthusiast,0,reels/C9h2_RsIfWB/,1,1,6.060408,3.030204,0.5,0,0,0,0,0,0,0,0,2024-08-01 20:43:21
minesweeper_enthusiast,0,reels/C8717tQIcVb/,1,1,18.761723,9.3808615,0.5,0,0,0,0,0,0,0,0,2024-08-01 20:43:30
minesweeper_enthusiast,0,reels/C98B1Osto7x/,1,1,4.0156,2.0078,0.5,0,0,0,0,0,0,0,0,2024-08-01 20:43:31
minesweeper_enthusiast,0,reels/C7zmrFWha1N/,1,1,12.888479,6.4442395,0.5,0,0,0,0,0,0,0,0,2024-08-01 20:43:37
minesweeper_enthusiast,0,reels/C9LgVo5x9-C/,1,1,60.1,30.05,0.5,0,0,0,0,0,0,0,0,2024-08-01 20:44:07
minesweeper_enthusiast,0,reels/C97XQ5uuqYE/,1,1,18.699999,9.3499995,0.5,0,0,0,0,0,0,0,0,2024-08-01 20:44:16
minesweeper_enthusiast,0,reels/C8mLma6vbGV/,1,1,7.174965,3.5874825,0.5,0,0,0,0,0,0,0,0,2024-08-01 20:44:19
minesweeper_enthusiast,0,reels/C89jVV_S1Qp/,1,1,13.84487,6.922435,0.5,0,0,0,0,0,0,0,0,2024-08-01 20:44:25
minesweeper_enthusiast,0,reels/C8FMG8PNNw9/,1,1,10.586847,5.2934235,0.5,0,0,0,0,0,0,0,0,2024-08-01 20:44:30
minesweeper_enthusiast,0,reels/C-DZCliu1dI/,1,1,5.699999,2.8499995,0.5,0,0,0,0,0,0,0,0,2024-08-01 20:44:33
minesweeper_enthusiast,0,reels/C91IwSYS_bN/,1,1,57.546727569766276,28.773363784883138,0.5,0,0,0,0,0,0,0,0,2024-08-01 20:45:01
minesweeper_enthusiast,0,reels/C8UR14sC0PR/,1,1,13.699773,6.8498865,0.5,0,0,0,0,0,0,0,0,2024-08-01 20:45:07
minesweeper_enthusiast,0,reels/C9n_OEYhQY3/,1,1,10.1239,5.06195,0.5,0,0,0,0,0,0,0,0,2024-08-01 20:45:12
minesweeper_enthusiast,0,reels/C-BmDWby3oO/,1,1,3.899999,1.9499995,0.5,0,0,0,0,0,0,0,0,2024-08-01 20:45:13
minesweeper_enthusiast,0,reels/C-AhGUbstG8/,1,1,59,29.5,0.5,0,0,0,0,0,0,0,0,2024-08-01 20:45:42
minesweeper_enthusiast,0,reels/C9tF3taRvRN/,1,1,21.500225,10.7501125,0.5,0,0,0,0,0,0,0,0,2024-08-01 20:45:53
minesweeper_enthusiast,0,reels/C8ofeoAOurd/,1,1,14.535691,7.2678455,0.5,0,0,0,0,0,0,0,0,2024-08-01 20:46:00
minesweeper_enthusiast,0,reels/C8TtKMepYA4/,1,1,49.149065732399066,24.574532866199533,0.5,0,0,0,0,0,0,0,0,2024-08-01 20:46:24
minesweeper_enthusiast,0,reels/C-BKNU2S09R/,1,1,9.333333,4.6666665,0.5,0,0,0,0,0,0,0,0,2024-08-01 20:46:28
minesweeper_enthusiast,0,reels/C-EA_LVu49l/,1,1,15.566666,7.783333,0.5,0,0,0,0,0,0,0,0,2024-08-01 20:46:35
minesweeper_enthusiast,0,reels/C92Bf1juhla/,1,1,53.25067922477812,26.62533961238906,0.5,0,0,0,0,0,0,0,0,2024-08-01 20:47:01
minesweeper_enthusiast,0,reels/C-CEDduMfji/,1,1,4.178139,2.0890695,0.5,0,0,0,0,0,0,0,0,2024-08-01 20:47:03
minesweeper_enthusiast,0,reels/C9nFUaqI-Zz/,1,1,25.233333333333334,12.616666666666667,0.5,0,0,0,0,0,0,0,0,2024-08-01 20:47:16
minesweeper_enthusiast,0,reels/C-EiaiwM9eS/,1,1,7.153361,3.5766805,0.5,0,0,0,0,0,0,0,0,2024-08-01 20:47:19
minesweeper_enthusiast,0,reels/C9nvtiuvRNr/,1,1,10.799999,5.3999995,0.5,0,0,0,0,0,0,0,0,2024-08-01 20:47:24
minesweeper_enthusiast,0,reels/C8vlBWIOn4Q/,1,1,5.317369,2.6586845,0.5,0,0,0,0,0,0,0,0,2024-08-01 20:47:26
minesweeper_enthusiast,0,reels/C93YzHeilw6/,1,1,32.666666666666664,16.333333333333332,0.5,0,0,0,0,0,0,0,0,2024-08-01 20:47:42
minesweeper_enthusiast,0,reels/C9iY7aBvDW1/,1,1,9.819967,4.9099835,0.5,0,0,0,0,0,0,0,0,2024-08-01 20:47:46
minesweeper_enthusiast,0,reels/C97mI8bpk_B/,1,1,18.335166,9.167583,0.5,0,0,0,0,0,0,0,0,2024-08-01 20:47:55
minesweeper_enthusiast,0,reels/C9xfJ4fC3Gf/,1,1,12.051156,6.025578,0.5,0,0,0,0,0,0,0,0,2024-08-01 20:48:00
minesweeper_enthusiast,0,reels/C963HYeIB4Y/,1,1,22.333333,11.1666665,0.5,0,0,0,0,0,0,0,0,2024-08-01 20:48:11
minesweeper_enthusiast,0,reels/C99D-Y5SN01/,1,1,4.166666,2.083333,0.5,0,0,0,0,0,0,0,0,2024-08-01 20:48:13
minesweeper_enthusiast,0,reels/C95BS2ShleR/,1,1,13.072834,6.536417,0.5,0,0,0,0,0,0,0,0,2024-08-01 20:48:19
minesweeper_enthusiast,0,reels/C9lFqSJNk2m/,1,1,4.156371,2.0781855,0.5,0,0,0,0,0,0,0,0,2024-08-01 20:48:21
minesweeper_enthusiast,0,reels/C97rnEtMKvX/,1,1,3.181133,1.5905665,0.5,0,0,0,0,0,0,0,0,2024-08-01 20:48:23
minesweeper_enthusiast,0,reels/C99TDYsuwWP/,1,1,46.333333333333336,23.166666666666668,0.5,0,0,0,0,0,0,0,0,2024-08-01 20:48:46
minesweeper_enthusiast,0,reels/C9_SobchKbi/,1,1,20.9,10.45,0.5,0,0,0,0,0,0,0,0,2024-08-01 20:48:56
minesweeper_enthusiast,0,reels/C92GmxQIsMa/,1,1,9.899999,4.9499995,0.5,0,0,0,0,0,0,0,0,2024-08-01 20:49:01
minesweeper_enthusiast,0,reels/C97TrFjsNIu/,1,1,14.033333,7.0166665,0.5,0,0,0,0,0,0,0,0,2024-08-01 20:49:07
minesweeper_enthusiast,0,reels/C90qg5uuGiO/,1,1,6.033333,3.0166665,0.5,0,0,0,0,0,0,0,0,2024-08-01 20:49:10
minesweeper_enthusiast,0,reels/C97evboI5u9/,1,1,45.008737135506,22.504368567753,0.5,0,0,0,0,0,0,0,0,2024-08-01 20:49:32
minesweeper_enthusiast,0,reels/C7HU8XVITP-/,1,1,14.899999,7.4499995,0.5,0,0,0,0,0,0,0,0,2024-08-01 20:49:39
minesweeper_enthusiast,0,reels/C9fbBkoSLJu/,1,1,14.11628,7.05814,0.5,0,0,0,0,0,0,0,0,2024-08-01 20:49:45
minesweeper_enthusiast,0,reels/C9wNJcJBrHq/,1,1,24.966666666666665,12.483333333333333,0.5,0,0,0,0,0,0,0,0,2024-08-01 20:49:57
minesweeper_enthusiast,0,reels/C96Qn5SP9EM/,1,1,12.445895,6.2229475,0.5,0,0,0,0,0,0,0,0,2024-08-01 20:50:03
minesweeper_enthusiast,0,reels/C90P0Hfs-wT/,1,1,39.43935602268935,19.719678011344676,0.5,0,0,0,0,0,0,0,0,2024-08-01 20:50:22
minesweeper_enthusiast,0,reels/C9-VqyesO_S/,1,1,12.233333,6.1166665,0.5,0,0,0,0,0,0,0,0,2024-08-01 20:50:28
minesweeper_enthusiast,0,reels/C95XPBwNcO0/,1,1,26.212471,13.1062355,0.5,0,0,0,0,0,0,0,0,2024-08-01 20:50:41
minesweeper_enthusiast,0,reels/C-FpYayOoUv/,1,1,15.184398,7.592199,0.5,0,0,0,0,0,0,0,0,2024-08-01 20:50:48
minesweeper_enthusiast,0,reels/C9KB0Juonjy/,1,1,21.825305,10.9126525,0.5,0,0,0,0,0,0,0,0,2024-08-01 20:50:59
minesweeper_enthusiast,0,reels/C90mu-bSF8I/,1,1,8.716756,4.358378,0.5,0,0,0,0,0,0,0,0,2024-08-01 20:51:02
minesweeper_enthusiast,0,reels/C99gRrZIV6a/,1,1,12.026484,6.013242,0.5,0,0,0,0,0,0,0,0,2024-08-01 20:51:08
minesweeper_enthusiast,0,reels/C-AzWDpp02y/,1,1,8.055872,4.027936,0.5,0,0,0,0,0,0,0,0,2024-08-01 20:51:12
minesweeper_enthusiast,0,reels/C9Fb6sus54o/,1,1,49.687845,24.8439225,0.5,0,0,0,0,0,0,0,0,2024-08-01 20:51:36
minesweeper_enthusiast,0,reels/C97K1YuC_sB/,1,1,34.36666666666667,17.183333333333334,0.5,0,0,0,0,0,0,0,0,2024-08-01 20:51:53
minesweeper_enthusiast,0,reels/C9vj8g-BoeE/,1,1,5.433333,2.7166665,0.5,0,0,0,0,0,0,0,0,2024-08-01 20:51:55
minesweeper_enthusiast,0,reels/C8cs38gJwFh/,1,1,27.7,13.85,0.5,0,0,0,0,0,0,0,0,2024-08-01 20:52:09
minesweeper_enthusiast,0,reels/C93oDKMsJZ-/,1,1,8.366666,4.183333,0.5,0,0,0,0,0,0,0,0,2024-08-01 20:52:12
minesweeper_enthusiast,0,reels/C90SIIryikl/,1,1,1.033333,0.5166665,0.5,0,0,0,0,0,0,0,0,2024-08-01 20:52:14
minesweeper_enthusiast,0,reels/C8LeHEdtFFN/,1,1,53.07941,26.539705,0.5,0,0,0,0,0,0,0,0,2024-08-01 20:52:40
minesweeper_enthusiast,0,reels/C9lGg4cSbY2/,1,1,7.718266,3.859133,0.5,0,0,0,0,0,0,0,0,2024-08-01 20:52:44
minesweeper_enthusiast,0,reels/C95g-r4SrJC/,1,1,14.333333,7.1666665,0.5,0,0,0,0,0,0,0,0,2024-08-01 20:52:50
minesweeper_enthusiast,0,reels/C9lsSAKpWKk/,1,1,6.362267,3.1811335,0.5,0,0,0,0,0,0,0,0,2024-08-01 20:52:53
minesweeper_enthusiast,0,reels/C8xjKqeS3Cv/,1,1,21.166666666666668,10.583333333333334,0.5,0,0,0,0,0,0,0,0,2024-08-01 20:53:03
minesweeper_enthusiast,0,reels/C9uhPBEPDkP/,1,1,14.975418,7.487709,0.5,0,0,0,0,0,0,0,0,2024-08-01 20:53:10
minesweeper_enthusiast,0,reels/C8Iwg3bx4T9/,1,1,11.499999,5.7499995,0.5,0,0,0,0,0,0,0,0,2024-08-01 20:53:16
minesweeper_enthusiast,0,reels/C8NF3VJvszx/,1,1,5.033333,2.5166665,0.5,0,0,0,0,0,0,0,0,2024-08-01 20:53:18
minesweeper_enthusiast,0,reels/C9k8o7ZSSPW/,1,1,6.709114,3.354557,0.5,0,0,0,0,0,0,0,0,2024-08-01 20:53:21
minesweeper_enthusiast,0,reels/C9CQLGeN2hO/,1,1,3.065033,1.5325165,0.5,0,0,0,0,0,0,0,0,2024-08-01 20:53:23
minesweeper_enthusiast,0,reels/C9m4VbGP3ed/,1,1,26.24,13.12,0.5,0,0,0,0,0,0,0,0,2024-08-01 20:53:36
minesweeper_enthusiast,0,reels/C8GHptrIhkJ/,1,1,34.833333333333336,17.416666666666668,0.5,0,0,0,0,0,0,0,0,2024-08-01 20:53:53
minesweeper_enthusiast,0,reels/C8cECKMy39u/,1,1,41.43333333333333,20.716666666666665,0.5,0,0,0,0,0,0,0,0,2024-08-01 20:54:13
minesweeper_enthusiast,0,reels/C9-0EkAvSXL/,1,1,20.561914,10.280957,0.5,0,0,0,0,0,0,0,0,2024-08-01 20:54:23
minesweeper_enthusiast,0,reels/C9I20YLxlnv/,1,1,8.218411,4.1092055,0.5,0,0,0,0,0,0,0,0,2024-08-01 20:54:27
minesweeper_enthusiast,0,reels/C-DhPdURR1g/,1,1,8.241539,4.1207695,0.5,0,0,0,0,0,0,0,0,2024-08-01 20:54:31
minesweeper_enthusiast,0,reels/C-FjSROPUiJ/,1,1,3.206895,1.6034475,0.5,0,0,0,0,0,0,0,0,2024-08-01 20:54:32
minesweeper_enthusiast,0,reels/C-D2WwnRcO1/,1,1,9.899999,4.9499995,0.5,0,0,0,0,0,0,0,0,2024-08-01 20:54:36
minesweeper_enthusiast,0,reels/C-EzYRlOyH1/,1,1,59.89322655989323,29.946613279946614,0.5,0,0,0,0,0,0,0,0,2024-08-01 20:55:06
minesweeper_enthusiast,0,reels/C9_P-_aP_gP/,1,1,3.233333,1.6166665,0.5,0,0,0,0,0,0,0,0,2024-08-01 20:55:07
minesweeper_enthusiast,0,reels/C9r0veno7gJ/,1,1,32.5,16.25,0.5,0,0,0,0,0,0,0,0,2024-08-01 20:55:23
minesweeper_enthusiast,0,reels/C92g_KDM9rM/,1,1,15.439817,7.7199085,0.5,0,0,0,0,0,0,0,0,2024-08-01 20:55:30
minesweeper_enthusiast,0,reels/C972UXNRA2L/,1,1,13.978412,6.989206,0.5,0,0,0,0,0,0,0,0,2024-08-01 20:55:37
minesweeper_enthusiast,0,reels/C-Fkj3BOOhT/,1,1,3.433333,1.7166665,0.5,0,0,0,0,0,0,0,0,2024-08-01 20:55:38
minesweeper_enthusiast,0,reels/C-HusjMC_je/,1,1,11.033333,5.5166665,0.5,0,0,0,0,0,0,0,0,2024-08-01 20:55:43
minesweeper_enthusiast,0,reels/C-F6S05skj2/,1,1,12.366666,6.183333,0.5,0,0,0,0,0,0,0,0,2024-08-01 20:55:49
minesweeper_enthusiast,0,reels/C-E4Qj_yezW/,1,1,51.03333333333333,25.516666666666666,0.5,0,0,0,0,0,0,0,0,2024-08-01 20:56:14
minesweeper_enthusiast,0,reels/C9yWCpLPIfL/,1,1,32.36666666666667,16.183333333333334,0.5,0,0,0,0,0,0,0,0,2024-08-01 20:56:30
minesweeper_enthusiast,0,reels/C-A1HIOxeWt/,1,1,11.666666,5.833333,0.5,0,0,0,0,0,0,0,0,2024-08-01 20:56:35
minesweeper_enthusiast,0,reels/C8tRS46tP8K/,1,1,4.92263,2.461315,0.5,0,0,0,0,0,0,0,0,2024-08-01 20:56:37
minesweeper_enthusiast,0,reels/C9e9Tb6vUeV/,1,1,6.130067,3.0650335,0.5,0,0,0,0,0,0,0,0,2024-08-01 20:56:40
minesweeper_enthusiast,0,reels/C8b6jyWOUJX/,1,1,10.999999,5.4999995,0.5,0,0,0,0,0,0,0,0,2024-08-01 20:56:45
minesweeper_enthusiast,0,reels/C95D6M0p_-E/,1,1,54.6,27.3,0.5,0,0,0,0,0,0,0,0,2024-08-01 20:57:12
minesweeper_enthusiast,0,reels/C-CWssjo0D7/,1,1,14.373151,7.1865755,0.5,0,0,0,0,0,0,0,0,2024-08-01 20:57:19
minesweeper_enthusiast,0,reels/C8kxwvHuFy5/,1,1,7.533333,3.7666665,0.5,0,0,0,0,0,0,0,0,2024-08-01 20:57:22
minesweeper_enthusiast,0,reels/C74C0GDIXV2/,1,1,11.818956,5.909478,0.5,0,0,0,0,0,0,0,0,2024-08-01 20:57:28
minesweeper_enthusiast,0,reels/C8t3lFWoPfr/,1,1,6.666666,3.333333,0.5,0,0,0,0,0,0,0,0,2024-08-01 20:57:30
minesweeper_enthusiast,0,reels/C9j3xLkyd7s/,1,1,23.336054,11.668027,0.5,0,0,0,0,0,0,0,0,2024-08-01 20:57:42
minesweeper_enthusiast,0,reels/C9EX0fuOHPF/,1,1,4.499999,2.2499995,0.5,0,0,0,0,0,0,0,0,2024-08-01 20:57:44
minesweeper_enthusiast,0,reels/C8VFpolvUIH/,1,1,5.166666,2.583333,0.5,0,0,0,0,0,0,0,0,2024-08-01 20:57:46
minesweeper_enthusiast,0,reels/C9x5NYOSITv/,1,1,29.069931,14.5349655,0.5,0,0,0,0,0,0,0,0,2024-08-01 20:58:00
minesweeper_enthusiast,0,reels/C9iiyHQSngZ/,1,1,28.302267,14.1511335,0.5,0,0,0,0,0,0,0,0,2024-08-01 20:58:13
minesweeper_enthusiast,0,reels/C9Vwxg2SwuD/,1,1,22.6,11.3,0.5,0,0,0,0,0,0,0,0,2024-08-01 20:58:24
minesweeper_enthusiast,0,reels/C8aKw0LvsEZ/,1,1,3.157913,1.5789565,0.5,0,0,0,0,0,0,0,0,2024-08-01 20:58:27
minesweeper_enthusiast,0,reels/C94u9fLA5RE/,1,1,6.471627,3.2358135,0.5,0,0,0,0,0,0,0,0,2024-08-01 20:58:30
minesweeper_enthusiast,0,reels/C9k0oZBoa7q/,1,1,7.766666,3.883333,0.5,0,0,0,0,0,0,0,0,2024-08-01 20:58:33
minesweeper_enthusiast,0,reels/C-BddcTS5yT/,1,1,59.766666666666666,29.883333333333333,0.5,0,0,0,0,0,0,0,0,2024-08-01 20:59:03
minesweeper_enthusiast,0,reels/C-GJ7mUSsG1/,1,1,59.43333333333333,29.716666666666665,0.5,0,0,0,0,0,0,0,0,2024-08-01 20:59:32
minesweeper_enthusiast,0,reels/C-Cl0sWyYCf/,1,1,6.033333,3.0166665,0.5,0,0,0,0,0,0,0,0,2024-08-01 20:59:35
minesweeper_enthusiast,0,reels/C9-vGKlxPK2/,1,1,20.019936,10.009968,0.5,0,0,0,0,0,0,0,0,2024-08-01 20:59:44
minesweeper_enthusiast,0,reels/C93jOWGPsSN/,1,1,3.340013,1.6700065,0.5,0,0,0,0,0,0,0,0,2024-08-01 20:59:46
minesweeper_enthusiast,0,reels/C9-reoOMaio/,1,1,19.233333333333334,9.616666666666667,0.5,0,0,0,0,0,0,0,0,2024-08-01 20:59:55
minesweeper_enthusiast,0,reels/C-BD_AyOU4L/,1,1,12.676643,6.3383215,0.5,0,0,0,0,0,0,0,0,2024-08-01 21:00:01
minesweeper_enthusiast,0,reels/C98gSEFu_PL/,1,1,5.266666,2.633333,0.5,0,0,0,0,0,0,0,0,2024-08-01 21:00:03
minesweeper_enthusiast,0,reels/C-CcqYaRvry/,1,1,34.333333333333336,17.166666666666668,0.5,0,0,0,0,0,0,0,0,2024-08-01 21:00:20
minesweeper_enthusiast,0,reels/C-DH3HiRe5D/,1,1,59.766666666666666,29.883333333333333,0.5,0,0,0,0,0,0,0,0,2024-08-01 21:00:50
minesweeper_enthusiast,0,reels/C90y6d1ygDS/,1,1,1.166666,0.583333,0.5,0,0,0,0,0,0,0,0,2024-08-01 21:00:51
